,1st point,2nd point,E_Distance
0,"(3, 4)","(-3, 4)",6.0
1,"(-6, 5)","(0, 0)",7.810249675906654
2,"(0, 0)","(2, 2)",2.8284271247461903
3,"(-10, 1)","(10, 10)",21.93171219946131
4,"(4, 5)","(1, 1)",5.0
